検索順位,タイトル,URL
1,python.jp: プログラミング言語 Python 総合情報サイト,https://www.python.jp/
2,Python - Wikipedia,https://ja.wikipedia.org/wiki/Python
3,Welcome to Python.org,https://www.python.org/
4,Python入門 - Let'sプログラミング,https://www.javadrive.jp/python/
5,Python - Qiita,https://qiita.com/tags/python
6,Pythonでできること6選！仕事への活用方法から学習方法まで ...,https://www.pasonatech.co.jp/workstyle/column/detail.html?p=2104
7,初心者向けにPythonのインストールから環境構築、動作確認 ...,https://camp.trainocate.co.jp/magazine/python-install/
8,Python | プログラミングの入門なら基礎から学べるProgate ...,https://prog-8.com/courses/python
9,［Python入門］Pythonってどんな言語なの？ - ITmedia,https://atmarkit.itmedia.co.jp/ait/articles/1904/02/news024.html
10,Python3入門編のレッスン一覧 | プログラミング学習サービス ...,https://paiza.jp/works/python3/primer
11,Python - 奥村研究室,https://oku.edu.mie-u.ac.jp/~okumura/python/
12,Python試験・資格、データ分析試験・資格を運営する一般社団 ...,https://www.pythonic-exam.com/
13,Python言語入門,https://www.isc.meiji.ac.jp/~be00085/Python3/index.html
14,Pythonプログラミング入門,https://utokyo-ipp.github.io/
15,開発言語「Python」、3つの新バージョンが公開 - ZDNet Japan,https://japan.zdnet.com/article/35182264/
16,Python入門 - ＠IT,https://www.atmarkit.co.jp/ait/subtop/features/di/pybasic_index.html
17,Pythonで不統一なExcelファイル繋ぐワザの神髄 - 東洋経済 ...,https://toyokeizai.net/articles/-/503221
18,詳細! Python 3 入門ノート | 大重 美幸 |本 | 通販 | Amazon,https://www.amazon.co.jp/%E8%A9%B3%E7%B4%B0-Python-%E5%85%A5%E9%96%80%E3%83%8E%E3%83%BC%E3%83%88-%E5%A4%A7%E9%87%8D-%E7%BE%8E%E5%B9%B8/dp/4800711673
19,Python（パイソン）とは？｜注目のプログラミング言語を紹介,https://coeteco.jp/articles/10661
20,【連載】ゼロからはじめるPython | TECH+ - マイナビニュース,https://news.mynavi.jp/techplus/series/zeropython/
21,Python入門（前編）、標準ライブラリで何ができる？実例で ...,https://www.sbbit.jp/article/cont1/79048
22,Pythonとは？大人気プログラミング言語のメリットや活用事例 ...,https://www.internetacademy.jp/it/programming/programming-basic/what-is-python.html
23,【旧版】Python 3入門 (全31回) - ドットインストール,https://dotinstall.com/lessons/basic_python_v3
24,Python-izm | Python の入門から応用までをサポートする学習 ...,https://www.python-izm.com/
25,プログラミング言語人気第1位 Pythonでできること5選,https://www.youtube.com/watch?v=2FIAadJEZhk
26,講座情報詳細｜機械学習のためのPython入門講座 - 経済産業省,https://www.meti.go.jp/policy/it_policy/jinzai/sugomori/020.html
27,Python Boot Camp(初心者向けPythonチュートリアル),https://www.pycon.jp/support/bootcamp.html
28,Pythonの基礎1,https://polymer.apphy.u-fukui.ac.jp/~koishi/programming/python/python_basic1.php
29,Pythonエンジニア認定試験 | Odyssey CBT - オデッセイ ...,https://cbt.odyssey-com.co.jp/pythonic-exam.html
30,Pythonコース - テックアカデミー,https://techacademy.jp/course/python
31,Pythonとは？Pythonを使ってできること・特徴を詳しく解説！,https://udemy.benesse.co.jp/development/python-work/python.html
32,Python入門（前編）、標準ライブラリで何ができる？実例で ...,https://news.yahoo.co.jp/articles/af35eaedd95407a33b9f49980d76447946b9de8e
33,Pythonの波に飲み込まれたRuby、日本のケータイ敗戦との ...,https://xtech.nikkei.com/atcl/nxt/column/18/00682/011200067/
34,AppleがmacOS 12.3のベータ版でPython2.7を削除している ...,https://gigazine.net/news/20220131-apple-remove-python-2-in-macos-12-3/
35,PyQ（パイキュー） - 本気でプログラミングを学びたい人の ...,https://pyq.jp/
36,【入門】Pythonとは？特徴やできることを初心者向けに解説,https://tech-camp.in/note/technology/33753/
37,「Python」に関する記事一覧 - CodeZine（コードジン）,https://codezine.jp/article/tag/223
38,macOS12.3ではPython 2のプレインストール見送りへ,https://iphone-mania.jp/news-435225/
39,プログラミング言語のPythonとは？その特徴と活用方法,https://hnavi.co.jp/knowledge/blog/python/
40,Pythonとは？特徴やできること・人気の理由を初心者向けに解説,https://www.sejuku.net/blog/7720
41,【初心者向け】無料でPythonの基本文法を5時間で学ぼう！,https://aiacademy.jp/media/?p=265
42,無料のPython入門講座 プログラミングの基礎知識を身につけ ...,https://ledge.ai/jmooc-free-python-learning/
43,Python ： i-Learning アイ・ラーニング,https://www.i-learning.jp/service/it/python.html
44,Python学習講座,https://www.python.ambitious-engineer.com/
45,Pythonとは？人気のプログラミング言語の意味や活用方法,https://online.dhw.co.jp/kuritama/about-python/
46,PyCharm: the Python IDE for Professional Developers by ...,https://www.jetbrains.com/pycharm/
47,『ニューステップアップ 情報I』『Python入門』に関する ...,https://project.nikkeibp.co.jp/bnt/atcl/sales/ts/
48,とほほのPython入門,https://www.tohoho-web.com/python/
49,Python を使用して Azure Event Hubs との間でイベントを ...,https://docs.microsoft.com/ja-jp/azure/event-hubs/event-hubs-python-get-started-send
