動画でわかる！１週間のPhotoshop入門　作品づくりをなぞって身につく基本スキル	2,178円（本体 1,980円＋税10%）	2022/3/16	パパ　著
モンスターハンターライズ　超服飾学～お気に入りの1着がもっと好きになる！～	2,200円（本体 2,000円＋税10%）	2022/3/3	スタジオエクレア　編
SDGs思考 社会共創編 価値転換のその先へ プラスサム資本主義を目指す世界	2,200円（本体 2,000円＋税10%）	2022/3/3	田瀬 和夫　著/SDGパートナーズ　著
Champion	4,400円（本体 4,000円＋税10%）	2022/3/3	熱田 護　著
プロ絵師の技を完全マスター クリスタ 操作術 決定版 CLIP STUDIO PAINT PRO/EX/iPad対応	2,420円（本体 2,200円＋税10%）	2022/3/1	サイドランチ　著
イモヅル式 応用情報技術者午前 コンパクト演習	1,738円（本体 1,580円＋税10%）	2022/2/24	石川  敢也　著
できる逆引き Excel VBAを極める勝ちワザ715 2021/2019/2016＆Microsoft 365対応	3,520円（本体 3,200円＋税10%）	2022/2/24	国本 温子　著/緑川 吉行　著/できるシリーズ編集部　著
いちばんやさしいInstagramマーケティングの教本 第2版 人気講師が教える「好き」と「欲しい」を結ぶSNS運用法	1,760円（本体 1,600円＋税10%）	2022/2/24	甲斐 優理子　著/金澤 美咲　著
徹底攻略AWS認定デベロッパー - アソシエイト教科書	3,960円（本体 3,600円＋税10%）	2022/2/22	川畑 光平　著
デザインスプリント 最短で最良の答えを導く実践フレームワーク（できるビジネス）	1,760円（本体 1,600円＋税10%）	2022/2/22	Jasper Wu　著
2022年版 ウェブ解析士認定試験 公式問題集	2,750円（本体 2,500円＋税10%）	2022/2/22	ウェブ解析士協会カリキュラム委員会　著
AWS Lambda実践ガイド 第2版	3,960円（本体 3,600円＋税10%）	2022/3/3	大澤 文孝　著
写真制作者のための写真技術の基礎と実践	2,750円（本体 2,500円＋税10%）	2022/2/21	大和田良　著
Notionで実現する新クリエイティブ仕事術　万能メモツールによる最高のインプット＆アウトプット（できるビジネス）	1,848円（本体 1,680円＋税10%）	2022/2/17	村上臣　著
the moment of SLOW LIVING 写真で紡ぐ、暮らしの時間	2,178円（本体 1,980円＋税10%）	2022/2/17	Nana　著
iPhone芸人かじがや卓哉のスゴいiPhone 13 超絶便利なテクニック133 13/mini/Pro/Pro Max/SE第2世代/12/11/XS/XR/X対応	1,518円（本体 1,380円＋税10%）	2022/2/10	かじがや卓哉　著
MaaSのサービス構築とデータ活用の最新動向2022	104,500円（本体 95,000円＋税10%）	2022/2/9	株式会社アンジー　著/インプレス総合研究所　著
思わずクリックしたくなる バナーデザインのきほん	1,980円（本体 1,800円＋税10%）	2022/2/9	カトウ ヒカル　著
かんたん合格 ITパスポート教科書 令和4年度	1,628円（本体 1,480円＋税10%）	2022/2/3	坂下 夕里　著/ラーニング編集部　著
できるWindows 11 パーフェクトブック 困った！＆便利ワザ大全	1,628円（本体 1,480円＋税10%）	2022/2/2	法林岳之　著/一ケ谷兼乃　著/清水理史　著
できるゼロからはじめるパソコン超入門 ウィンドウズ11 対応	1,100円（本体 1,000円＋税10%）	2022/2/1	法林　岳之　著/できるシリーズ編集部　著
できるゼロからはじめるiPad超入門 第3版 iPad/mini/Air/Pro対応	1,408円（本体 1,280円＋税10%）	2022/2/1	法林岳之　著/白根雅彦　著/できるシリーズ編集部　著
かくあげ先生の 発達障害・グレーゾーン 子育て 新ベストテクニック54	1,738円（本体 1,580円＋税10%）	2022/1/26	撹上雅彦　著/撹上理恵　著
BtoB-EC市場の現状と将来展望2022	110,000円（本体 100,000円＋税10%）	2022/1/25	鵜飼智史　監修/鵜飼智史　著/森田秀一　著/朝比美帆　著/インプレス総合研究所　著
デザイン初心者のためのPhotoshop Illustrator 先輩に聞かずに9割解決できるグラフィックデザイン超基礎	2,530円（本体 2,300円＋税10%）	2022/1/25	Power Design　著/インプレス編集部　編
エンジニアなら知っておきたい システム設計とドキュメント	2,420円（本体 2,200円＋税10%）	2022/1/24	梅田弘之　著
野ねずみ ユルリの旅スケッチ ときめく塗り絵シリーズ	1,430円（本体 1,300円＋税10%）	2022/1/20	いなとめ まきこ　著
デジタルカメラマガジン 2022年2月号	1,100円（本体 1,000円＋税10%）	2022/1/20	デジタルカメラマガジン編集部　編
いちばんやさしい新しいサーバーの教本 人気講師が教える動かして理解する基礎からコンテナまで	1,980円（本体 1,800円＋税10%）	2022/1/20	水野 源　著/宮原 徹　監修
Illustrator よくばり入門（できるよくばり入門）	2,178円（本体 1,980円＋税10%）	2022/1/20	石川洋平　著/清水 建次　著/堀内良太　著
とりあえず、素人っぽく見えないデザインのコツを教えてください！	1,980円（本体 1,800円＋税10%）	2022/1/19	ingectar-e　著
DOS/V POWER REPORT 2022年冬号	2,310円（本体 2,100円＋税10%）	2021/12/27	DOS/V POWER REPORT編集部　編
